id;name;doc;program;program_code
1;Bedfordshire copy Auto;Rand frictionless;compressing Calle Bedfordshire;Rua
2;Account drive Refinado;Silla Bedfordshire;Fantástico Canarias;Valenciana adaptador y
3;potenciada distributed Deportes;port generate Guapa;up experiences Turquia;Andalucía invoice Ladrillo
4;array Entrada;Pound Cine program;mindshare driver Gerente;Madera Ronda
5;system Cantabria;deposit Bedfordshire Rústico;implementación services Barrio;canal world-class Account
6;éxito;Canarias no-volátil PNG;Supervisor cross-platform;Platinum RAM
7;Seguro Lebanese Distribuido;input models;enable generate;terciaria Mascotas
8;secundaria;Acero Buckinghamshire;compressing Acero Universal;24 microchip
9;Ladrillo Guapa 24/365;Central Salud;invoice;deposit Pre-emptivo
10;Bulgaria;Personal mano;invoice Parcela primary;Pound Negro
